1;aire;Sony;Bravia
2;aire;Sony;Bravia
3;aire;Sony;Bravia
4;aire;Philips;Bravia
5;aire;Samsung;Bravia
6;tv;Samsung;Bravia
7;tv;HP;Bravia
8;tv;Sony;Bravia
9;tv;Sony;Bravia
10;aire;Sony;Bravia
11;aire;Philips;Bravia
12;aire;Samsung;Bravia
13;aire;Samsung;Bravia
14;aire;HP;Bravia
15;tv;Sony;Bravia
16;tv;Sony;Bravia
17;tv;Sony;Bravia
18;tv;Philips;Bravia
19;aire;Samsung;Bravia
20;aire;Samsung;Bravia
21;aire;HP;Bravia
22;aire;Sony;Bravia
23;aire;Sony;Bravia
24;tv;Sony;Bravia
25;tv;Philips;Bravia
26;tv;Samsung;Bravia
27;tv;Samsung;Bravia
28;aire;HP;Bravia
29;aire;Sony;Bravia
30;aire;Sony;Bravia
31;aire;Sony;Bravia
32;aire;Philips;Bravia
33;tv;Samsung;Bravia
34;tv;Samsung;Bravia
35;tv;HP;Bravia
36;tv;Sony;Bravia
37;aire;Sony;Bravia
38;aire;Sony;Bravia
39;aire;Philips;Bravia
40;aire;Samsung;Bravia
41;aire;Samsung;Bravia
42;tv;HP;Bravia
43;tv;Sony;Bravia
44;tv;Sony;Bravia
45;tv;Sony;Bravia
46;aire;Philips;Bravia
47;aire;Samsung;Bravia
48;aire;Samsung;Bravia
49;aire;HP;Bravia
50;aire;Sony;Bravia
51;tv;Sony;Bravia
52;tv;Sony;Bravia
53;tv;Philips;Bravia
54;tv;Samsung;Bravia
55;aire;Samsung;Bravia
56;aire;HP;Bravia
57;aire;Sony;Bravia
58;aire;Sony;Bravia
59;aire;Sony;Bravia
60;tv;Philips;Bravia
61;tv;Samsung;Bravia
62;tv;Samsung;Bravia
63;tv;HP;Bravia
64;aire;Sony;Bravia
65;aire;Sony;Bravia
66;aire;Sony;Bravia
67;aire;Philips;Bravia
68;aire;Samsung;Bravia
69;tv;Samsung;Bravia
70;tv;HP;Bravia
71;tv;Sony;Bravia
72;tv;Sony;Bravia
73;aire;Sony;Bravia
74;aire;Philips;Bravia
75;aire;Samsung;Bravia
76;aire;Samsung;Bravia
77;aire;HP;Bravia
78;tv;Sony;Bravia
79;tv;Sony;Bravia
80;tv;Sony;Bravia
81;tv;Philips;Bravia
82;aire;Samsung;Bravia
83;aire;Samsung;Bravia
84;aire;HP;Bravia
85;aire;Sony;Bravia
86;aire;Sony;Bravia
87;tv;Sony;Bravia
88;tv;Philips;Bravia
89;tv;Samsung;Bravia
90;tv;Samsung;Bravia
91;aire;HP;Bravia
92;aire;Sony;Bravia
93;aire;Sony;Bravia
94;aire;Sony;Bravia
95;aire;Philips;Bravia
96;tv;Samsung;Bravia
97;tv;Samsung;Bravia
98;tv;HP;Bravia
99;tv;Sony;Bravia
100;aire;Sony;Bravia
101;aire;Sony;Bravia
102;aire;Philips;Bravia
103;aire;Samsung;Bravia
104;aire;Samsung;Bravia
105;tv;HP;Bravia
106;tv;Sony;Bravia
107;tv;Sony;Bravia
108;tv;Sony;Bravia
109;aire;Philips;Bravia
110;aire;Samsung;Bravia
111;aire;Samsung;Bravia
112;aire;HP;Bravia
113;aire;Sony;Bravia
114;tv;Sony;Bravia
115;tv;Sony;Bravia
116;tv;Philips;Bravia
117;tv;Samsung;Bravia
118;aire;Samsung;Bravia
119;aire;HP;Bravia
120;aire;Sony;Bravia
121;aire;Sony;Bravia
122;aire;Sony;Bravia
123;tv;Philips;Bravia
124;tv;Samsung;Bravia
125;tv;Samsung;Bravia
126;tv;HP;Bravia
127;aire;Sony;Bravia
128;aire;Sony;Bravia
129;aire;Sony;Bravia
130;aire;Philips;Bravia
131;aire;Samsung;Bravia
132;tv;Samsung;Bravia
133;tv;HP;Bravia
134;tv;Sony;Bravia
135;tv;Sony;Bravia
136;aire;Sony;Bravia
137;aire;Philips;Bravia
138;aire;Samsung;Bravia
139;aire;Samsung;Bravia
140;aire;HP;Bravia
141;tv;Sony;Bravia
142;tv;Sony;Bravia
143;tv;Sony;Bravia
144;tv;Philips;Bravia
145;aire;Samsung;Bravia
146;aire;Samsung;Bravia
147;aire;HP;Bravia
148;aire;Sony;Bravia
149;aire;Sony;Bravia
150;tv;Sony;Bravia
151;tv;Philips;Bravia
152;tv;Samsung;Bravia
153;tv;Samsung;Bravia
154;aire;HP;Bravia
155;aire;Sony;Bravia
156;aire;Sony;Bravia
157;aire;Sony;Bravia
158;aire;Philips;Bravia
159;tv;Samsung;Bravia
160;tv;Samsung;Bravia
161;tv;HP;Bravia
162;tv;Sony;Bravia
163;aire;Sony;Bravia
164;aire;Sony;Bravia
165;aire;Philips;Bravia
166;aire;Samsung;Bravia
167;aire;Samsung;Bravia
168;tv;HP;Bravia
169;tv;Sony;Bravia
170;tv;Sony;Bravia
171;tv;Sony;Bravia
172;aire;Philips;Bravia