1;aire ;Sony;Bravia
2;aire ;Sony;Bravia
3;aire ;Sony;Bravia
4;aire ;Philips;Bravia
5;aire ;Samsung;Bravia
6;tv;Samsung;Bravia
7;tv;HP;Bravia
8;tv;Sony;Bravia
9;tv;Sony;Bravia
10;aire ;Sony;Bravia
11;aire ;Philips;Bravia
12;aire ;Samsung;Bravia
13;aire ;Samsung;Bravia
14;aire ;HP;Bravia
15;tv;Sony;Bravia
16;tv;Sony;Bravia
17;tv;Sony;Bravia
18;tv;Philips;Bravia
19;aire ;Samsung;Bravia
20;aire ;Samsung;Bravia
21;aire ;HP;Bravia
22;aire ;Sony;Bravia
23;aire ;Sony;Bravia
24;tv;Sony;Bravia
25;tv;Philips;Bravia
26;tv;Samsung;Bravia
27;tv;Samsung;Bravia
28;aire ;HP;Bravia
29;aire ;Sony;Bravia
30;aire ;Sony;Bravia
31;aire ;Sony;Bravia
32;aire ;Philips;Bravia
33;tv;Samsung;Bravia
34;tv;Samsung;Bravia
35;tv;HP;Bravia
36;tv;Sony;Bravia
37;aire ;Sony;Bravia
38;aire ;Sony;Bravia
39;aire ;Philips;Bravia
40;aire ;Samsung;Bravia
41;aire ;Samsung;Bravia
42;tv;HP;Bravia
43;tv;Sony;Bravia
44;tv;Sony;Bravia
45;tv;Sony;Bravia
46;aire ;Philips;Bravia
47;aire ;Samsung;Bravia
48;aire ;Samsung;Bravia
49;aire ;HP;Bravia
50;aire ;Sony;Bravia